<?xml version="1.0" encoding="UTF-8" standalone="no"?>
<!-- Generated 24-Oct-2023, 11:49:37 pm by Hibernate Tools 3.6.2.Final --><!DOCTYPE hibernate-mapping PUBLIC "-//Hibernate/Hibernate Mapping DTD 3.0//EN" "http://www.hibernate.org/dtd/hibernate-mapping-3.0.dtd">
<hibernate-mapping auto-import="true" default-access="property" default-cascade="none" default-lazy="true">
    <class dynamic-insert="false" dynamic-update="false" mutable="true" name="com.java.ejb.CustomerAuthorization" optimistic-lock="version" polymorphism="implicit" select-before-update="false" table="CUSTOMER_AUTH">
        <id name="authId" type="int">
            <column name="AUTHID"/>
            <generator class="assigned"/>
        </id>
        <property generated="never" lazy="false" name="userName" optimistic-lock="true" type="java.lang.String" unique="false">
            <column name="USERNAME"/>
        </property>
        <property generated="never" lazy="false" name="passWord" optimistic-lock="true" type="java.lang.String" unique="false">
            <column name="PASSWORD"/>
        </property>
        <property generated="never" lazy="false" name="custId" optimistic-lock="true" type="int" unique="false">
            <column name="CUSTID"/>
        </property>
        <property generated="never" lazy="false" name="otp" optimistic-lock="true" type="java.lang.String" unique="false">
            <column name="OTP"/>
        </property>
        <property generated="never" lazy="false" name="status" optimistic-lock="true" type="java.lang.String" unique="false">
            <column name="STATUS"/>
        </property>
    </class>
</hibernate-mapping>
