<?xml version="1.0" encoding="UTF-8" standalone="no"?>
<!DOCTYPE hibernate-mapping PUBLIC "-//Hibernate/Hibernate Mapping DTD 3.0//EN" "http://www.hibernate.org/dtd/hibernate-mapping-3.0.dtd">
<hibernate-mapping auto-import="true" default-access="property" default-cascade="none" default-lazy="true">
    <class dynamic-insert="false" dynamic-update="false" mutable="true" name="com.java.ejb.Login" optimistic-lock="version" polymorphism="implicit" select-before-update="false" table="login">
        <id name="username" type="java.lang.String">
            <column name="username"/>
            <generator class="assigned"/>
        </id>
        
        <property generated="never" lazy="false" name="password" optimistic-lock="true" type="java.lang.String" unique="false">
            <column name="password"/>
        </property>
    </class>
</hibernate-mapping>

